[  
    {  
    
      "Experiance": 5,  
      "jobtype": "Full Time",  
      "location": "Banglore",  
      "skills": "HTML" ,
      "jobfuction": "UI devloper",
      "salary":"10,00,000"
    },  
    {  
        "Experiance": 1,  
        "jobtype": "Full Time",  
        "location": "Banglore",  
        "skills": "HTML",
        "jobfuction": "UI devloper" ,
        "salary":"10,00,000"
      },  
      {  
        "Experiance": 2,  
        "jobtype": "Full Time",  
        "location": "Banglore",  
        "skills": "HTML",
        "jobfuction": "UI devloper" ,
        "salary":"10,00,000"
      },  
      {  
        "Experiance": 3,  
        "jobtype": "Full Time",  
        "location": "Banglore",  
        "skills": "HTML" ,
        "jobfuction": "UI devloper",
        "salary":"10,00,000"
      },  
      {  
        "Experiance": 4,  
        "jobtype": "Full Time",  
        "location": "Banglore",  
        "skills": "HTML",
        "jobfuction": "UI devloper",
        "salary":"10,00,000"
      } 

    
  ]  
  